question,response,preprocessed
why is the sky blue?,"the sky looks blue because of something called ""scattering."" when sunlight hits earth's atmosphere, tiny particles scatter blue light more than other colors, making the sky appear blue to our eyes!","['sky', 'blue']"
what is your name?,hello my name is pengo! i am your companion and i am here to ansawer your question.,['name']
what's your favorite thing to do for fun?,"oh, cool! i like doing all sorts of things, like playing games, reading, and exploring nature. what about you?","['what', 'favorit', 'thing', 'fun']"
what's your favorite outdoor activity?,outdoor activities are so much fun! i love going for hikes and exploring nature. what about you?,"['what', 'favorit', 'outdoor', 'activ']"
"if you could have any pet in the world, what would it be?",pets are awesome companions! i think i'd like to have a pet dragon. what pet would you choose?,"['could', 'pet', 'world', 'would']"
what's your favorite season and why?,seasons bring different kinds of fun! i like summer because i get to spend time outside in the sunshine. what's your favorite season?,"['what', 'favorit', 'season']"
what's something you've always wanted to learn how to do?,learning new things is exciting! i've always wanted to learn how to play the guitar. what about you?,"['what', 'someth', 'youv', 'alway', 'want', 'learn']"
"if you could meet any famous person, who would it be?",meeting famous people would be so cool! i think i'd like to meet my favorite author and ask them about their books. who would you like to meet?,"['could', 'meet', 'famou', 'person', 'would']"
what's your favorite thing about yourself?,it's important to appreciate ourselves! i like that i'm always curious and eager to learn new things. what's your favorite thing about yourself?,"['what', 'favorit', 'thing']"
do you have any favorite animals?,animals are awesome! i really like pandas and dolphins. what about you? do you have any favorite animals?,"['favorit', 'anim']"
what's your favorite subject in school?,"school can be fun! i like learning about all sorts of things, but i think science and art are my favorites. what about you? what do you like to learn about in school?","['what', 'favorit', 'subject', 'school']"
"if you could go anywhere in the world, where would you go?","wow, that sounds like an adventure! i think i'd like to go to a tropical island with beautiful beaches and lots of sunshine. where would you go if you could travel anywhere?","['could', 'go', 'anywher', 'world', 'would', 'go']"
what's your favorite book or movie?,books and movies are so much fun! i really like stories with lots of adventure and magic. what's your favorite book or movie?,"['what', 'favorit', 'book', 'movi']"
what do you like to do on the weekends?,"weekends are the best! i like to spend time with my friends and family, maybe go for a hike or have a movie night. what do you like to do on the weekends?","['like', 'weekend']"
what's something you're really good at?,that's awesome! it's great to have talents. what do you like most about doing it?,"['what', 'someth', 'your', 'realli', 'good']"
"if you could have any superpower, what would it be?",superpowers are so cool to think about! i think i'd like to be able to fly. what about you?,"['could', 'superpow', 'would']"
what's your favorite food?,"yum! food is the best. i love all kinds of food, but pizza is definitely one of my favorites. what's yours?","['what', 'favorit', 'food']"
what's the coolest place you've ever been?,"wow, that sounds amazing! i'd love to hear more about it. what was your favorite part?","['what', 'coolest', 'place', 'youv', 'ever']"
who is your role model and why?,role models are important! it's great to have someone to look up to. what do you admire most about them?,"['role', 'model']"
what's the most exciting thing you've ever done?,that sounds like quite an adventure! i bet it was really fun. what was the best part?,"['what', 'excit', 'thing', 'youv', 'ever', 'done']"
how do plants make food?,"plants make food through a process called photosynthesis. they use sunlight, water, and carbon dioxide to create sugars for energy. it's like their own magical kitchen!","['plant', 'make', 'food']"
what makes a rainbow?,"rainbows happen when sunlight passes through raindrops in the air. the sunlight bends, or refracts, inside the raindrop and then reflects off the back of the drop, creating a beautiful spectrum of colors in the sky!","['make', 'rainbow']"
why do we have seasons?,"we have seasons because earth's axis is tilted. when a part of earth is tilted toward the sun, it gets more sunlight and warmth, creating summer. when it's tilted away, it gets less sunlight and becomes cooler, making winter. it's like a giant merry-go-round around the sun!",['season']
how do birds fly?,"birds fly thanks to their special wings! the shape of their wings creates lift, just like an airplane's wings. when they flap their wings, they push air down, which pushes them up into the sky. it's like having your own personal superpower!","['bird', 'fli']"
why do we yawn?,yawning helps our bodies take in more oxygen and get rid of carbon dioxide. it's like giving ourselves a little wake-up stretch!,['yawn']
how do clouds form?,"clouds form when warm, moist air rises and cools, causing water vapor to condense into tiny droplets or ice crystals. it's like making fluffy cotton candy in the sky!","['cloud', 'form']"
why do stars twinkle?,"stars twinkle because their light passes through earth's atmosphere, which is always moving and shifting. this makes the light appear to flicker. it's like watching a tiny dance party in the sky!","['star', 'twinkl']"
why do we have dreams?,"scientists aren't completely sure, but dreams might help our brains process emotions, memories, and experiences from the day. it's like our brains are putting on a nighttime movie marathon!",['dream']
how do bees make honey?,bees make honey by collecting nectar from flowers. they store the nectar in a special pouch in their bodies and then turn it into honey by mixing it with enzymes and evaporating water from it. it's like nature's sweetest kitchen project!,"['bee', 'make', 'honey']"
why do leaves change color in the fall?,"leaves change color in the fall because trees stop making chlorophyll, the green pigment that helps them make food. this allows other pigments, like reds and yellows, to show through. it's like nature's colorful farewell before winter!","['leav', 'chang', 'color', 'fall']"
how does a caterpillar turn into a butterfly?,"a caterpillar turns into a butterfly through a process called metamorphosis. it starts as an egg, hatches into a caterpillar, forms a chrysalis or cocoon, and then emerges as a beautiful butterfly. it's like a magical transformation!","['caterpillar', 'turn', 'butterfli']"
why do we need to sleep?,"we need sleep to rest and recharge our bodies and brains. during sleep, our brains clean out waste, our bodies repair tissues, and we process memories. it's like pressing the reset button for our minds and bodies!","['need', 'sleep']"
how does a volcano erupt?,"a volcano erupts when pressure builds up beneath the earth's surface and molten rock, ash, and gases burst through an opening in the earth's crust. it's like a fiery dragon waking up from a long nap!","['volcano', 'erupt']"
how do magnets work?,"magnets have invisible fields around them that attract or repel certain materials, like iron or steel. it's like having a secret superpower to pull objects toward you or push them away!","['magnet', 'work']"
why is the ocean salty?,"the ocean is salty because of minerals and salts that are carried into it by rivers and streams. over millions of years, these minerals have accumulated, making the ocean salty. it's like a giant seasoning for the earth!","['ocean', 'salti']"
how do airplanes stay in the air?,"airplanes stay in the air because of their wings, which are specially designed to create lift. when air flows over the wings, it creates a difference in pressure, pushing the plane upward. it's like surfing on a wave of air!","['airplan', 'stay', 'air']"
why do some animals hibernate?,"some animals hibernate to survive the cold winter months when food is scarce. by lowering their body temperature and slowing down their metabolism, they conserve energy until spring arrives. it's like taking a long nap until the fridge is restocked!","['anim', 'hibern']"
how do seeds grow into plants?,"seeds grow into plants when they are planted in soil and provided with water, sunlight, and nutrients. inside the seed is a tiny plant embryo waiting to grow into a full-fledged plant. it's like a tiny green superhero waiting to save the day!","['seed', 'grow', 'plant']"
why does lightning happen?,"lightning happens when electrical charges build up in the atmosphere during a storm. when these charges become too strong, they are released as a bolt of lightning, seeking a path to the ground. it's like nature's electrifying light show!","['lightn', 'happen']"
why do we have tides in the ocean?,"tides are caused by the gravitational pull of the moon and the sun on earth's oceans. as the moon orbits earth, its gravitational force creates bulges in the ocean water, causing high and low tides. it's like a gentle cosmic tug-of-war!","['tide', 'ocean']"
how do plants drink water?,"plants absorb water through their roots, which act like straws sucking up water from the soil. once inside the plant, water travels up through tiny tubes called xylem to reach the leaves and other parts of the plant. it's like a plant's own water delivery system!","['plant', 'drink', 'water']"
why do we get goosebumps?,"we get goosebumps when tiny muscles at the base of our hair follicles contract, causing the hairs to stand up straight. this can happen when we're cold or experiencing strong emotions, like fear or excitement. it's like our bodies trying to fluff up for warmth or to appear bigger!","['get', 'goosebump']"
how do rainbows disappear?,"rainbows disappear when sunlight stops hitting the raindrops at the right angle to create the colorful spectrum. as the angle changes or the raindrops move, the rainbow fades away. it's like a magical painting that only lasts as long as the sun and rain play together!","['rainbow', 'disappear']"
why do some animals have tails?,"animals have tails for different reasons. some use them for balance, like tightrope walkers using a pole, while others use them for communication, defense, or even for grabbing onto things. it's like having a built-in toolbelt for survival and expression!","['anim', 'tail']"
why do we need to drink water?,"we need to drink water to stay hydrated and keep our bodies functioning properly. water helps regulate body temperature, transport nutrients, and remove waste. it's like giving our bodies a refreshing shower from the inside!","['need', 'drink', 'water']"
how do clouds float?,clouds float because they're made of tiny droplets of water or ice crystals that are lighter than the air around them. they're like fluffy cotton balls carried by invisible currents in the sky!,"['cloud', 'float']"
why do flowers have different colors?,"flowers have different colors to attract pollinators like bees, butterflies, and birds. each color sends a different signal to pollinators, saying, ""come visit me for nectar and pollen!"" it's like nature's colorful invitation to a party!","['flower', 'differ', 'color']"
how do bees make wax?,"bees make wax by consuming honey and then secreting it through special glands on their bodies. they mold the wax into honeycomb cells, where they store honey and raise their young. it's like sculpting with sweet, sticky clay!","['bee', 'make', 'wax']"
why do we have fingerprints?,"we have fingerprints because of the unique patterns of ridges and valleys on our fingertips. these patterns help improve grip and sensitivity, and they're also used for identification because no two people have the same fingerprints. it's like having our own personal signature stamped on our fingertips!",['fingerprint']
how do seeds know which way to grow?,seeds grow towards light through a process called phototropism. special cells in the plant detect light and send signals to guide growth. it's like following a sunbeam to find your way!,"['seed', 'know', 'way', 'grow']"
why do some animals hibernate in winter?,"some animals hibernate to conserve energy when food is scarce and temperatures drop. by slowing down their metabolism and sleeping for long periods, they can survive until warmer months return. it's like taking a long winter nap to recharge for spring!","['anim', 'hibern', 'winter']"
how do airplanes communicate with air traffic control?,"airplanes communicate with air traffic control using radio signals. pilots and controllers use designated frequencies and codes to exchange information about flight paths, weather conditions, and other important details. it's like having a secret language in the sky!","['airplan', 'commun', 'air', 'traffic', 'control']"
why do we need to brush our teeth?,we need to brush our teeth to remove food particles and plaque that can cause cavities and gum disease. brushing also helps freshen breath and keep our smiles sparkling bright. it's like giving our teeth a mini spa day to keep them healthy and happy!,"['need', 'brush', 'teeth']"
how do bees find flowers?,"bees use a combination of sight, smell, and memory to find flowers. they're attracted to bright colors and sweet smells, and they can remember the locations of flowers they've visited before. it's like following a delicious scent trail to a hidden treasure!","['bee', 'find', 'flower']"
why do we have seasons?,"we have seasons because earth's axis is tilted as it orbits the sun. this tilt causes different parts of the earth to receive varying amounts of sunlight throughout the year, resulting in the four seasons: spring, summer, fall, and winter. it's like a natural dance between sunlight and the earth's tilt!",['season']
how do spiders make webs?,"spiders produce silk from special glands in their abdomen. they use their legs to pull and spin the silk into intricate webs, which they use to catch prey or build shelters. it's like weaving a delicate masterpiece with invisible threads!","['spider', 'make', 'web']"
why do we sneeze?,"we sneeze to expel irritants like dust, pollen, or germs from our noses. sneezing helps clear our airways and protect our bodies from potential harm. it's like a powerful ""achoo"" that helps keep us healthy!",['sneez']
how do fish breathe underwater?,"fish breathe underwater using gills. these specialized organs extract oxygen from the water and release carbon dioxide, allowing fish to extract oxygen from the water and ""breathe"" underwater. it's like having built-in underwater breathing apparatus!","['fish', 'breath', 'underwat']"
why do leaves fall off trees in autumn?,"leaves fall off trees in autumn as part of a process called abscission. trees shed their leaves to conserve water and energy during the cold, dry winter months. it's like saying goodbye to old friends before a long winter nap!","['leav', 'fall', 'tree', 'autumn']"
how do rainbows form after it rains?,"rainbows form when sunlight is refracted, or bent, by raindrops in the air. this bending separates sunlight into its various colors, creating the beautiful arc of colors we see in the sky. it's like nature's colorful painting after a rainy day!","['rainbow', 'form', 'rain']"
why do cats purr?,"cats purr as a form of communication and comfort. they often purr when they're feeling relaxed, happy, or seeking attention from their human friends. it's like their way of saying, ""i'm content and cozy right now!""","['cat', 'purr']"
how do trees drink water?,"trees drink water through their roots, which absorb water from the soil like a straw. once inside the tree, water travels up through tiny tubes called xylem, reaching every part of the tree, from roots to leaves. it's like a tree's own hydration system!","['tree', 'drink', 'water']"
why do we get dizzy when we spin around?,"we get dizzy when we spin around because the fluid in our inner ears, which helps us maintain balance, continues to move even after we stop spinning. this sends mixed signals to our brain, causing dizziness and disorientation. it's like a fun but temporary rollercoaster ride for our senses!","['get', 'dizzi', 'spin', 'around']"
how do stars twinkle at night?,"stars twinkle at night because their light passes through earth's atmosphere, which is constantly moving and shifting. this movement causes the light to appear to flicker or twinkle when seen from earth's surface. it's like watching tiny fireworks in the sky!","['star', 'twinkl', 'night']"
why do some fruits and vegetables change color as they ripen?,"fruits and vegetables change color as they ripen because of changes in their pigments and chemical composition. for example, chlorophyll breaks down, revealing other pigments like carotenoids and anthocyanins, which give fruits and vegetables their vibrant hues. it's like a natural rainbow of flavors developing!","['fruit', 'veget', 'chang', 'color', 'ripen']"
how do satellites stay in orbit around earth?,"satellites stay in orbit around earth due to a delicate balance between their speed and the gravitational pull of the planet. they travel fast enough to overcome gravity's pull, allowing them to continuously orbit without falling back to earth. it's like a cosmic dance between speed and gravity!","['satellit', 'stay', 'orbit', 'around', 'earth']"
why do we get goosebumps when we're cold or scared?,"we get goosebumps when we're cold or scared because of a reflex called piloerection. tiny muscles at the base of our hair follicles contract, causing our hairs to stand up. this response helps trap a layer of air near our skin, providing insulation when we're cold, or makes us appear larger when we're scared. it's like our body's built-in defense mechanism!","['get', 'goosebump', 'cold', 'scare']"
how do bees make honeycomb?,"bees make honeycomb by secreting wax from special glands on their bodies. they chew and shape the wax into hexagonal cells, which they use to store honey, pollen, and raise their young. it's like constructing a perfectly hexagonal honey-filled apartment complex!","['bee', 'make', 'honeycomb']"
why do some animals have camouflage?,"some animals have camouflage to help them blend into their surroundings and avoid predators or sneak up on prey. their colors and patterns mimic their environment, making them difficult to spot. it's like nature's ultimate game of hide-and-seek!","['anim', 'camouflag']"
how do airplanes land safely during bad weather?,"airplanes can land safely during bad weather thanks to advanced instruments and trained pilots. they use instruments like radar and gps to navigate through clouds and low visibility, and follow precise landing procedures to touch down safely on the runway. it's like flying with a high-tech map and compass!","['airplan', 'land', 'safe', 'bad', 'weather']"
why do we have dreams when we sleep?,"we have dreams when we sleep because our brains are still active, processing memories, emotions, and experiences from the day. dreams can be influenced by our subconscious thoughts and desires, creating a vivid and sometimes surreal experience while we snooze. it's like having a private movie theater in our minds!","['dream', 'sleep']"
how do ants communicate with each other?,"ants communicate with each other using pheromones, which are chemical signals released from their bodies. they leave trails of pheromones to lead other ants to food sources or alert them to danger. it's like leaving sticky notes around the colony to pass on messages!","['ant', 'commun']"
why do balloons float in the air?,"balloons float in the air because they're filled with a gas that is lighter than the surrounding air, such as helium. this causes them to be buoyant, floating upward until they reach a point where the air inside and outside the balloon are at the same density. it's like a little bubble of fun defying gravity!","['balloon', 'float', 'air']"
how do plants know when to bloom?,"plants respond to environmental cues like temperature, sunlight, and the length of the day to determine when to bloom. these cues trigger hormonal changes within the plant, signaling it's time to produce flowers and reproduce. it's like nature's alarm clock ringing for the start of the blooming season!","['plant', 'know', 'bloom']"
why do we yawn when we see someone else yawn?,"we yawn when we see someone else yawn because yawning is contagious! it's thought to be a social behavior linked to empathy and communication. when we see someone yawn, it triggers a reflex in our brains that makes us yawn too. it's like our brains are saying, ""hey, i feel you!""","['yawn', 'see', 'someon', 'els', 'yawn']"
"why do we get ""butterflies"" in our stomachs when we're nervous?","we get ""butterflies"" in our stomachs when we're nervous because our bodies release stress hormones like adrenaline and cortisol, which can affect our digestive system. this can lead to sensations like fluttering or queasiness in the stomach. it's like having a little zoo of fluttery creatures inside us when our nerves are on high alert!","['get', 'butterfli', 'stomach', 'nervou']"
why do we sometimes forget what we were going to say?,"we sometimes forget what we were going to say because of a phenomenon called ""tip-of-the-tongue"" or ""presque vu"" (french for ""almost seen""). it happens when we momentarily struggle to retrieve a word or piece of information from memory, even though we know we know it! it's like trying to catch a slippery fish in a pond of thoughts!","['sometim', 'forget', 'go', 'say']"
why do we rub our eyes when we're tired?,"we rub our eyes when we're tired because it can stimulate tear production, which helps moisten and refresh our eyes. rubbing can also temporarily relieve eye strain and fatigue by increasing blood flow to the area. it's like giving our eyes a gentle massage to wake them up from their sleepy state!","['rub', 'eye', 'tire']"
"why do we feel ""pins and needles"" when our limbs fall asleep?","we feel ""pins and needles"" when our limbs fall asleep because of temporary nerve compression. when pressure is applied to a nerve, it can disrupt normal signaling, causing tingling, numbness, or a sensation of ""pins and needles"" as the nerve ""wakes up"" again. it's like our nerves taking a short nap and then stretching and yawning when they wake up!","['feel', 'pin', 'needl', 'limb', 'fall', 'asleep']"
why do we get hiccups?,"we get hiccups when the diaphragm, a muscle beneath the lungs, spasms involuntarily. this sudden contraction causes the vocal cords to close abruptly, producing the ""hic"" sound. hiccups can be triggered by various factors such as eating too quickly, excitement, or irritation of the diaphragm. it's like our body's way of hitting a reset button on our breathing rhythm!","['get', 'hiccup']"
why do we shiver when we're cold?,"we shiver when we're cold because it's our body's way of generating heat to maintain a stable internal temperature. shivering involves rapid muscle contractions, which generate heat as a byproduct. this helps to raise our body temperature and keep us warm. it's like our body's built-in heater kicking into high gear!","['shiver', 'cold']"
"why do we get ""brain freeze"" from eating something cold?","we get ""brain freeze"" from eating something cold, like ice cream or slushies, because of rapid temperature changes in the roof of our mouth. when something cold touches the roof of our mouth, it causes blood vessels to constrict and then rapidly dilate, leading to a sudden headache-like sensation. it's like our brain sending us a chilly warning to slow down and savor our frozen treats!","['get', 'brain', 'freez', 'eat', 'someth', 'cold']"
why do we close our eyes when we sneeze?,we close our eyes when we sneeze as a reflexive response to protect them from potential irritants or particles being expelled forcefully during the sneeze. it's like our body's way of instinctively shielding our delicate eyes from any flying debris!,"['close', 'eye', 'sneez']"
why do we feel thirsty when we wake up in the morning?,"we feel thirsty when we wake up in the morning because our bodies lose water overnight through breathing, sweating, and other bodily processes. this can lead to mild dehydration, triggering thirst as a signal to replenish fluids and rehydrate our system. it's like our body's morning alarm clock reminding us to start the day with a refreshing drink of water!","['feel', 'thirsti', 'wake', 'morn']"
why do we get goosebumps when we listen to music?,"we get goosebumps when we listen to music because of the intense emotional response it can evoke. certain songs or melodies can trigger a release of dopamine, a feel-good neurotransmitter, which can cause the hairs on our skin to stand up. it's like our body's way of responding to the emotional power of music with a physical reaction!","['get', 'goosebump', 'listen', 'music']"
why do we blink?,"we blink to keep our eyes moist and protected from irritants like dust, debris, or bright lights. blinking spreads tears across the surface of our eyes, helping to keep them lubricated and clear. it's like our eyes giving themselves a quick and automatic cleaning every few seconds!",['blink']
"why do we get ""butterflies in our stomachs"" when we're excited?","we get ""butterflies in our stomachs"" when we're excited because of the body's stress response. when we're excited, our bodies release adrenaline and other hormones, which can cause a fluttering sensation in the stomach due to increased blood flow and changes in digestion. it's like our stomach doing somersaults in anticipation of the excitement ahead!","['get', 'butterfli', 'stomach', 'excit']"
why do we stretch when we wake up?,"we stretch when we wake up to relieve muscle stiffness and increase blood flow to our muscles and joints. during sleep, our muscles can become tense or contracted, and stretching helps to loosen them up and prepare our bodies for movement. it's like giving ourselves a gentle wake-up call to start the day feeling limber and refreshed!","['stretch', 'wake']"
"why do we get a ""runner's high"" after exercising?","we get a ""runner's high"" after exercising because of the release of endorphins, neurotransmitters that act as natural painkillers and mood enhancers. endorphins can produce feelings of euphoria and reduce feelings of stress or discomfort, creating a sense of well-being and exhilaration after physical activity. it's like our body rewarding us with a surge of happiness and satisfaction for staying active and healthy!","['get', 'runner', 'high', 'exercis']"
why do we blush when we're embarrassed?,"we blush when we're embarrassed because of increased blood flow to the blood vessels just beneath the skin. this happens in response to the release of adrenaline, a stress hormone, which causes the blood vessels to widen. it's like our body's way of betraying our emotions by turning our cheeks into a rosy billboard!","['blush', 'embarrass']"
why do we feel sleepy after eating a big meal?,"we feel sleepy after eating a big meal because of the body's response to digestion. after eating, blood flow is directed to the digestive system to help break down food, which can temporarily reduce blood flow to other parts of the body, including the brain. additionally, certain foods like carbohydrates can trigger the release of serotonin, a neurotransmitter that promotes relaxation and drowsiness. it's like our body signaling that it's time for a little post-meal siesta!","['feel', 'sleepi', 'eat', 'big', 'meal']"
"why do we get ""butterflies in our stomach"" when we're nervous?","we get ""butterflies in our stomach"" when we're nervous due to the body's stress response. when we're nervous or anxious, the brain releases stress hormones like adrenaline, which can affect the digestive system and cause sensations like fluttering or queasiness in the stomach. it's like our body's way of letting us know that our emotions are in full flutter mode!","['get', 'butterfli', 'stomach', 'nervou']"
why do we feel cold when we have a fever?,"we feel cold when we have a fever because of changes in the body's temperature regulation. during a fever, the body's internal thermostat is reset to a higher temperature in response to an infection or illness. as a result, the body may perceive its normal temperature as too cold, leading to sensations of chills or shivering. it's like our body's internal heating system going into overdrive to fight off invaders, even if it means making us feel chilly in the process!","['feel', 'cold', 'fever']"
why do we get thirsty when we eat something salty?,"we get thirsty when we eat something salty because salt triggers the body's thirst response. when we consume salty foods, the concentration of salt in our bloodstream increases, which can stimulate the release of hormones like vasopressin that signal the kidneys to conserve water and increase thirst. it's like our body's way of trying to maintain the delicate balance of salt and water in our system!","['get', 'thirsti', 'eat', 'someth', 'salti']"
how do microwave ovens heat food?,"microwave ovens heat food by emitting microwaves, a type of electromagnetic radiation. these microwaves cause water molecules in the food to vibrate rapidly, generating heat through friction. it's like giving your leftovers a quick, invisible hug to warm them up!","['microwav', 'oven', 'heat', 'food']"
why do pencils have erasers?,pencils have erasers to correct mistakes easily without having to start over. the eraser is made of a rubbery material that can effectively remove pencil marks from paper by friction. it's like having a magic wand to make errors disappear!,"['pencil', 'eras']"
why do lightbulbs have filaments?,"lightbulbs have filaments, usually made of tungsten, because they emit light when heated to high temperatures by an electric current. the filament's resistance to the flow of electricity causes it to heat up and glow, producing light. it's like having a tiny wire superhero that brightens up our lives!","['lightbulb', 'filament']"
how do zippers work?,"zippers work by interlocking teeth or coils together to fasten two pieces of fabric. when you pull the slider along the zipper's tracks, it brings the teeth together or separates them, allowing you to open or close the zipper. it's like a little toothy monster that keeps your clothes snug and secure!","['zipper', 'work']"
why do scissors have two blades?,"scissors have two blades that pivot around a fulcrum to cut materials effectively. when you squeeze the handles together, the blades come together and cut whatever is between them. one blade is usually sharp, while the other acts as a guide to ensure a clean cut. it's like teamwork between two sharp buddies to make precise cuts!","['scissor', 'two', 'blade']"
why do we have fingerprints?,"we have fingerprints because of the unique patterns of ridges and valleys on the skin's surface, particularly on the fingertips. these patterns are formed during fetal development and remain unchanged throughout our lives. fingerprints help improve grip and sensitivity, and they're also used for identification because no two people have the same fingerprints. it's like having our own personal signature stamped on our fingertips!",['fingerprint']
why do we hiccup?,"we hiccup when the diaphragm, a muscle beneath the lungs, spasms involuntarily. this sudden contraction causes the vocal cords to close abruptly, producing the ""hic"" sound. hiccups can be triggered by various factors such as eating too quickly, excitement, or irritation of the diaphragm. it's like our body's way of hitting a reset button on our breathing rhythm!",['hiccup']
how does the sense of taste work?,"the sense of taste, also known as gustation, occurs when chemicals from food and drink stimulate taste buds located on the tongue and other parts of the mouth. these taste buds contain receptors that detect different tastes such as sweet, salty, sour, bitter, and umami (savory). when stimulated, these receptors send signals to the brain, allowing us to perceive flavors. it's like having tiny taste detectives on our tongues, deciphering the deliciousness of everything we eat!","['sens', 'tast', 'work']"
why do we sneeze?,"we sneeze to expel irritants like dust, pollen, or germs from our noses. sneezing helps clear our airways and protect our bodies from potential harm. it's like giving our nasal passages a powerful ""achoo"" to blow away any unwanted guests!",['sneez']
why do our stomachs growl?,"our stomachs growl due to a process called peristalsis, which is the movement of muscles in the digestive system that helps push food through the digestive tract. when the stomach and intestines are empty, this movement can create gurgling or rumbling sounds, commonly known as stomach growling. it's like our digestive system singing a hungry little tune when it's time for a meal!","['stomach', 'growl']"
why do we shiver when we're cold?,"we shiver when we're cold because it's our body's way of generating heat to maintain a stable internal temperature. shivering involves rapid muscle contractions, which generate heat as a byproduct. this helps to raise our body temperature and keep us warm. it's like our body's built-in heater kicking into high gear!","['shiver', 'cold']"
how does the sense of smell work?,"the sense of smell, or olfaction, occurs when odor molecules from substances in the air enter the nose and come into contact with specialized cells called olfactory receptors. these receptors detect different odors and send signals to the brain's olfactory bulb, where they are processed and interpreted as specific smells. it's like having a built-in perfume detector in our noses, helping us sniff out delicious scents or potential dangers!","['sens', 'smell', 'work']"
why do we get goosebumps?,"we get goosebumps when tiny muscles at the base of our hair follicles contract, causing our hairs to stand up straight. this can happen when we're cold or experiencing strong emotions, like fear or excitement. goosebumps can also be a remnant of our evolutionary past, when our hairy ancestors would puff up their fur to stay warm or intimidate predators. it's like our bodies trying to fluff up for warmth or to appear bigger!","['get', 'goosebump']"
how do our brains form memories?,"our brains form memories through a process called encoding, storage, and retrieval. encoding is the initial process of converting sensory information into a form that can be stored in the brain. storage involves maintaining the encoded information over time. retrieval is the process of accessing and bringing stored memories back into consciousness when needed. memories are stored in different areas of the brain and can be influenced by factors such as emotion and repetition. it's like our brains creating a vast library of experiences, ready to be accessed whenever we need them!","['brain', 'form', 'memori']"
why do we yawn when we're tired?,"we yawn when we're tired because yawning helps our bodies take in more oxygen and get rid of carbon dioxide. it can also be triggered by factors like boredom, stress, or seeing someone else yawn. yawning may also play a role in regulating brain temperature and increasing alertness. it's like giving ourselves a little wake-up stretch when our energy levels are running low!","['yawn', 'tire']"
why do we have different colored eyes?,"the color of our eyes is determined by the amount and distribution of melanin, a pigment, in the iris—the colored part of the eye. the more melanin present, the darker the eye color will be. factors such as genetics and environmental influences can affect melanin production, resulting in a wide range of eye colors, including brown, blue, green, and hazel. it's like nature's paintbrush creating a unique masterpiece in every pair of eyes!","['differ', 'color', 'eye']"
why do we get dizzy when we spin around?,"we get dizzy when we spin around because of the fluid in our inner ears, which helps us maintain balance. when we spin, the fluid continues to move even after we stop, sending mixed signals to our brain about our body's position and movement. this mismatch between what our eyes see and what our inner ear senses can cause dizziness and disorientation. it's like our body's equilibrium getting thrown off by a dizzying dance!","['get', 'dizzi', 'spin', 'around']"
how do bones heal when they break?,"bones heal through a process called bone remodeling, which involves several stages. initially, blood vessels at the site of the fracture form a blood clot, and cells called osteoblasts produce collagen and other proteins to create a soft callus. over time, the callus hardens into a bony callus as calcium and other minerals are deposited. finally, the bone is reshaped and strengthened through remodeling, where excess bone tissue is removed and the bone is sculpted back to its original shape. it's like nature's architectural renovation, restoring strength and stability to our skeleton!","['bone', 'heal', 'break']"
"why do we get ""pins and needles"" when our limbs fall asleep?","we get ""pins and needles"" when our limbs fall asleep because of temporary nerve compression. when pressure is applied to a nerve, it can disrupt normal signaling, causing tingling, numbness, or a sensation of ""pins and needles"" as the nerve ""wakes up"" again. it's like our nerves taking a short nap and then stretching and yawning when they wake up!","['get', 'pin', 'needl', 'limb', 'fall', 'asleep']"
why do we get cramps?,"we get cramps when muscles contract involuntarily and fail to relax. cramps can be caused by factors such as dehydration, electrolyte imbalances, overuse of muscles, or poor blood circulation. during a cramp, the muscle may feel tight, hard, or painful, and it can occur in various parts of the body, including the legs, abdomen, or feet. it's like our muscles throwing a sudden tantrum, demanding attention and relief!","['get', 'cramp']"
why do we feel tired when we're sick?,"we feel tired when we're sick because our body redirects energy to fight off the illness. the immune system becomes activated, producing cytokines—proteins that regulate immune responses. these cytokines can make us feel fatigued and sleepy as our body prioritizes healing and recovery. it's like our body calling for a timeout to focus all its energy on battling the invaders!","['feel', 'tire', 'sick']"
how does our skin tan in the sun?,"our skin tans in the sun as a protective response to ultraviolet (uv) radiation. when exposed to uv rays, our skin produces melanin, a pigment that absorbs uv radiation and helps protect skin cells from damage. increased melanin production leads to darkening of the skin, forming a tan. it's like our body's natural sunscreen, giving us a sun-kissed glow to shield us from harmful rays!","['skin', 'tan', 'sun']"
why do we get goosebumps when we're scared?,"we get goosebumps when we're scared because of the body's fight-or-flight response. when we perceive a threat, the brain signals the release of adrenaline, which causes muscles at the base of hair follicles to contract, making hairs stand up. this reaction, known as piloerection, was useful in our evolutionary past to make us appear larger and more intimidating to predators. it's like our body's ancient defense mechanism kicking in to prepare us for danger!","['get', 'goosebump', 'scare']"
how does our body regulate temperature?,"our body regulates temperature through a process called thermoregulation. when we're too hot, blood vessels near the skin dilate to release heat through sweating and evaporation. when we're too cold, blood vessels constrict to conserve heat, and muscles may shiver to generate warmth. the hypothalamus, a region of the brain, acts as the body's thermostat, monitoring internal and external temperatures and signaling adjustments as needed. it's like our body's own climate control system, keeping us comfortable in any weather!","['bodi', 'regul', 'temperatur']"
why do we get hiccups when we eat too quickly?,"we get hiccups when we eat too quickly because of the sudden intake of air, which can irritate the diaphragm—the muscle responsible for breathing. this irritation can cause the diaphragm to contract involuntarily, resulting in hiccups. slowing down and taking smaller bites can help prevent this reaction. it's like our body's way of reminding us to savor our food and take our time with each bite!","['get', 'hiccup', 'eat', 'quickli']"
why do we have summer vacation?,"we have summer vacation in many school systems as a tradition that dates back to agrarian societies. historically, children were needed to help with farm work during the summer months, so schools closed to accommodate this agricultural schedule. today, summer vacation continues as a break for students and teachers, allowing time for rest, relaxation, and enrichment activities outside the classroom. it's like a long-awaited intermission before the next act of learning begins!","['summer', 'vacat']"
why do we have different subjects in school?,"we have different subjects in school to provide a well-rounded education that covers a wide range of knowledge and skills. each subject—such as math, science, language arts, social studies, and physical education—offers unique perspectives, concepts, and methods of inquiry. this diversity helps students develop critical thinking, creativity, problem-solving abilities, and a broad understanding of the world. it's like building a sturdy educational foundation with a variety of bricks, each contributing to the structure of knowledge!","['differ', 'subject', 'school']"
why do we have recess?,"we have recess to provide students with a break from academic work and an opportunity for physical activity, social interaction, and unstructured play. recess allows children to release energy, recharge their minds, and develop important social skills like cooperation, negotiation, and conflict resolution. it's like hitting the refresh button on a computer, giving students a chance to reboot and return to class with renewed focus and enthusiasm!",['recess']
why do we learn about history in school?,"we learn about history in school to understand the past, how it has shaped the present, and its implications for the future. studying history helps us develop critical thinking skills, empathy, and a sense of identity and belonging. by exploring historical events, people, and cultures, we gain insight into human behavior, societal trends, and the complexities of the world. it's like reading a fascinating storybook filled with tales of triumphs, challenges, and enduring legacies!","['learn', 'histori', 'school']"
why do we have tests and exams in school?,"we have tests and exams in school to assess students' understanding of course material, track their progress, and provide feedback to both students and teachers. tests help reinforce learning, identify areas for improvement, and promote accountability and academic rigor. while they can be stressful, tests also offer opportunities for growth, reflection, and achievement. it's like a challenging puzzle that tests our knowledge and skills, rewarding us with a sense of accomplishment when we solve it!","['test', 'exam', 'school']"
why do we have school uniforms?,"school uniforms are often implemented to promote a sense of unity, equality, and discipline among students. uniforms can help minimize socioeconomic differences, reduce distractions related to fashion, and foster a focus on learning rather than outward appearance. additionally, uniforms can enhance school safety by making it easier to identify students and discourage gang-related attire. it's like wearing a team jersey that symbolizes belonging and pride in being part of the school community!","['school', 'uniform']"
why do we have homework?,"homework is assigned to reinforce learning, practice skills, and encourage independent study habits. it provides students with opportunities to review and apply classroom lessons, deepen understanding, and develop time management and responsibility. homework also strengthens the connection between home and school, involving parents or guardians in their child's education. while it can be challenging at times, homework ultimately contributes to academic success and mastery of subject matter. it's like flexing our mental muscles outside the classroom, building strength and resilience through practice and persistence!",['homework']
why do we have field trips?,"field trips are organized to enhance classroom learning by providing hands-on experiences, real-world applications, and opportunities for exploration and discovery. they offer students a chance to connect theory with practice, engage with different environments and cultures, and gain a deeper understanding of topics studied in class. field trips also promote social interaction, teamwork, and personal growth outside the traditional school setting. it's like embarking on an exciting journey of learning beyond the confines of the classroom walls, opening doors to new perspectives and adventures!","['field', 'trip']"
why do we have extracurricular activities?,"extracurricular activities are offered to enrich the educational experience, foster personal interests and talents, and promote holistic development. they provide opportunities for students to explore diverse interests such as sports, arts, music, drama, clubs, and community service. participation in extracurricular activities can enhance social skills, leadership abilities, time management, and self-confidence. these activities also contribute to a vibrant school culture, fostering a sense of belonging and school pride. it's like adding colorful brushstrokes to the canvas of education, creating a masterpiece of well-rounded individuals!","['extracurricular', 'activ']"
why do we have breaks during the school day?,"breaks during the school day, such as recess or short breaks between classes, are important for students' physical and mental well-being. they provide opportunities for movement, relaxation, and socialization, which can help alleviate stress, improve focus, and boost productivity. breaks also allow students to recharge their energy levels and maintain optimal cognitive functioning throughout the day. it's like pressing pause on a busy day to catch our breath and reset before diving back into learning!","['break', 'school', 'day']"
why do we have different grade levels in school?,"grade levels in school are organized to accommodate students' developmental stages, academic abilities, and educational needs. each grade level builds upon the knowledge and skills learned in previous years, providing a structured progression through the curriculum. grade-level placement allows teachers to tailor instruction to meet the diverse needs of students at various stages of their educational journey. it's like climbing a staircase of learning, with each step leading to new heights of understanding and achievement!","['differ', 'grade', 'level', 'school']"
why do we have parent-teacher conferences?,"parent-teacher conferences are held to facilitate communication and collaboration between parents or guardians and educators. they provide opportunities to discuss students' progress, academic performance, strengths, challenges, and areas for growth. parent-teacher conferences also allow for the sharing of insights, strategies, and goals to support students' learning and development both at school and at home. it's like forming a partnership between home and school to ensure students receive the best possible support and guidance on their educational journey!","['parentteach', 'confer']"
why do we have school assemblies?,"school assemblies are organized to bring students, teachers, and staff together for collective experiences, announcements, celebrations, and educational presentations. they foster a sense of community, unity, and school spirit, providing opportunities for shared learning, inspiration, and recognition of achievements. school assemblies also promote positive behavior, reinforce school values, and reinforce important messages about respect, responsibility, and citizenship. it's like gathering around a campfire to share stories, laughter, and inspiration with our school family!","['school', 'assembl']"
why do we have school libraries?,"school libraries serve as important resources for students, providing access to a wide range of books, reference materials, and digital resources to support learning and literacy. they offer opportunities for independent reading, research, and exploration, promoting a love of reading and lifelong learning. school libraries also play a crucial role in information literacy, teaching students how to locate, evaluate, and use information effectively. it's like having a treasure trove of knowledge and imagination at our fingertips, ready to inspire and empower young minds!","['school', 'librari']"
why do we have school rules?,"school rules are established to create a safe, respectful, and conducive learning environment for all students and staff. they help maintain order, promote positive behavior, and ensure fairness and equity in school settings. school rules also set expectations for student conduct, academic integrity, attendance, and dress code, fostering a sense of responsibility and accountability. by upholding school rules, students learn valuable lessons about respect, cooperation, and citizenship that are essential for success in school and beyond. it's like laying the foundation for a thriving community where everyone can learn, grow, and thrive together!","['school', 'rule']"
why do we have breaks between semesters or terms?,"breaks between semesters or terms provide students and educators with opportunities to rest, recharge, and reflect on their learning experiences. they mark transitions between academic periods and allow time for students to relax, pursue other interests, and spend quality time with family and friends. breaks also give educators time for planning, professional development, and preparing for the upcoming semester or term. by taking breaks, students and educators can return to school feeling refreshed, rejuvenated, and ready to tackle new challenges and opportunities. it's like hitting the pause button to take a breather before diving back into the excitement of learning and discovery!","['break', 'semest', 'term']"
why do families have different traditions?,"families have different traditions because they reflect unique cultural backgrounds, values, beliefs, and experiences passed down through generations. these traditions help strengthen family bonds, create a sense of identity and belonging, and provide opportunities for celebration, connection, and shared memories. whether it's gathering for holiday meals, observing religious ceremonies, or participating in annual rituals, family traditions play an important role in shaping relationships and nurturing a sense of continuity and heritage. it's like weaving a tapestry of love and legacy that binds generations together!","['famili', 'differ', 'tradit']"
why do siblings sometimes argue?,"siblings sometimes argue because they have different personalities, interests, and perspectives, and they may compete for attention, resources, or autonomy within the family. sibling relationships are complex and dynamic, involving a mix of love, rivalry, camaraderie, and conflict. while disagreements and conflicts are a normal part of sibling interactions, they also provide opportunities for negotiation, compromise, and learning important social skills like empathy, communication, and problem-solving. it's like a rollercoaster ride of emotions and experiences that ultimately strengthen the bond between siblings!","['sibl', 'sometim', 'argu']"
why do families have family dinners?,"families have family dinners as a time for gathering together, sharing meals, and connecting with one another. family dinners provide opportunities for conversation, bonding, and fostering a sense of belonging and security within the family unit. research suggests that regular family dinners have numerous benefits for children, including better academic performance, improved communication skills, and reduced risk of behavioral problems. they also offer a chance for parents to model healthy eating habits and values, and to provide support and guidance to their children. it's like setting the table for a banquet of love and togetherness, where every bite is seasoned with laughter, stories, and cherished memories!","['famili', 'famili', 'dinner']"
why do families have family meetings?,"families have family meetings to discuss important issues, make decisions, and strengthen communication and teamwork within the family. family meetings provide a structured forum for addressing concerns, setting goals, and resolving conflicts in a respectful and collaborative manner. they promote a sense of ownership and accountability among family members, encourage active participation and problem-solving skills, and help establish clear expectations and boundaries. whether it's planning vacations, managing household chores, or addressing behavioral issues, family meetings foster a sense of unity, cooperation, and shared responsibility. it's like gathering around a conference table to chart the course of family life together, one meeting at a time!","['famili', 'famili', 'meet']"
why do families celebrate birthdays?,"families celebrate birthdays to honor and celebrate the milestones and accomplishments of each family member. birthday celebrations provide opportunities for expressing love, appreciation, and gratitude, and for creating lasting memories together. they symbolize the gift of life and the unique contributions that each individual brings to the family. whether it's blowing out candles on a cake, opening presents, or spending time with loved ones, birthday celebrations strengthen family bonds and reinforce the importance of cherishing and celebrating the special moments in life. it's like sprinkling a little extra magic and joy into the fabric of family life, one birthday wish at a time!","['famili', 'celebr', 'birthday']"
why do families have family reunions?,"families have family reunions as a time to reconnect, reminisce, and strengthen bonds with extended family members. reunions provide opportunities for sharing stories, traditions, and cultural heritage, and for celebrating shared history and lineage. they foster a sense of belonging and connection across generations and geographical distances, creating lasting memories and reinforcing family ties. whether it's playing games, sharing meals, or organizing activities, family reunions are a special occasion to celebrate the ties that bind us together. it's like a family tree coming to life, with branches reaching out to embrace each other in a joyful reunion!","['famili', 'famili', 'reunion']"
why do families have family game nights?,"families have family game nights as a time for fun, laughter, and friendly competition. game nights provide opportunities for bonding, communication, and teamwork within the family. they offer a break from everyday routines and technology, encouraging face-to-face interaction and quality time spent together. whether it's playing board games, card games, or outdoor activities, family game nights promote laughter, learning, and building memories that last a lifetime. it's like pressing the pause button on life's busy schedule to enjoy some lighthearted fun and connection with the people we love!","['famili', 'famili', 'game', 'night']"
why do families have family vacations?,"families have family vacations as a time to create cherished memories, explore new places, and strengthen bonds through shared experiences. vacations offer opportunities for relaxation, adventure, and quality time spent together away from the stresses of daily life. they provide a break from routine, foster communication and connection, and create lasting bonds and traditions that endure through the years. whether it's building sandcastles on the beach, hiking through nature, or exploring new cultures, family vacations are a chance to make memories that will be treasured for a lifetime. it's like embarking on a grand adventure with the people we love most, creating a tapestry of experiences and stories that weave us together as a family!","['famili', 'famili', 'vacat']"
why do different cultures celebrate different holidays?,"different cultures celebrate different holidays because of their unique histories, traditions, beliefs, and values. holidays often reflect significant events, religious observances, seasonal changes, or cultural practices that are meaningful to a particular group of people. these celebrations serve as opportunities for communities to come together, express cultural identity, and pass down traditions from generation to generation. whether it's lunar new year, diwali, hanukkah, or christmas, each holiday carries its own significance and symbolism, enriching the tapestry of global culture. it's like a kaleidoscope of celebrations, each offering a glimpse into the rich diversity of human experience!","['differ', 'cultur', 'celebr', 'differ', 'holiday']"
why do people have different types of clothing in different cultures?,"people have different types of clothing in different cultures because of climate, geography, social norms, traditions, and historical influences. clothing serves practical purposes such as protection from the elements, but it also reflects cultural identity, social status, and individual expression. traditional garments often incorporate local materials, craftsmanship, and designs that have been passed down through generations. whether it's saris in india, kimonos in japan, or dashikis in africa, clothing plays a significant role in preserving cultural heritage and diversity. it's like wearing a unique tapestry of history and identity, woven into the fabric of everyday life!","['peopl', 'differ', 'type', 'cloth', 'differ', 'cultur']"
why do different cultures have different languages?,"different cultures have different languages because language evolves over time in response to geography, history, migration, and cultural interactions. languages reflect the unique experiences, values, and perspectives of a particular group of people, and they serve as vehicles for communication, expression, and cultural transmission. each language carries its own nuances, vocabulary, and grammatical structures that shape how speakers perceive and interact with the world. whether it's mandarin chinese, spanish, arabic, or swahili, languages are integral to preserving and sharing the richness of human diversity. it's like speaking a thousand different dialects of the universal language of humanity!","['differ', 'cultur', 'differ', 'languag']"
why do people in different cultures have different cuisines?,"people in different cultures have different cuisines because of factors such as geography, climate, agriculture, history, and cultural preferences. cuisine reflects the availability of local ingredients, cooking techniques, and culinary traditions passed down through generations. each culture's cuisine carries its own flavors, aromas, and culinary rituals that reflect its unique identity and heritage. whether it's spicy curries in india, hearty pasta dishes in italy, or sushi in japan, food is a central aspect of cultural expression and social connection. it's like savoring a global buffet of flavors, each dish a delicious reflection of its cultural origins!","['peopl', 'differ', 'cultur', 'differ', 'cuisin']"
why do different cultures have different forms of music?,"different cultures have different forms of music because music evolves in response to cultural influences, historical contexts, and artistic expressions unique to each society. musical styles, instruments, rhythms, and melodies often reflect cultural values, traditions, and experiences passed down through generations. whether it's traditional folk music, classical compositions, or contemporary genres, music serves as a universal language that connects people across diverse backgrounds and fosters cultural identity and pride. it's like a symphony of cultural expression, with each note resonating the soul of its origin!","['differ', 'cultur', 'differ', 'form', 'music']"
why do different cultures have different forms of art?,"different cultures have different forms of art because art is a reflection of the unique perspectives, experiences, and creative expressions of each society. artistic styles, techniques, and themes are influenced by cultural traditions, historical events, religious beliefs, and social norms. from cave paintings and sculptures to contemporary paintings, installations, and digital art, each culture's artistic heritage enriches the global tapestry of creativity and imagination. art serves as a powerful medium for storytelling, cultural exchange, and preserving collective memory. it's like a gallery of diverse perspectives, inviting us to explore the beauty and complexity of the human experience!","['differ', 'cultur', 'differ', 'form', 'art']"
why do different cultures have different forms of dance?,"different cultures have different forms of dance because dance is a vibrant expression of cultural identity, social rituals, and artistic creativity. dance styles, movements, and costumes are shaped by cultural traditions, historical influences, and regional practices passed down through generations. whether it's classical ballet, traditional folk dances, or contemporary choreography, dance reflects the rhythms of life, the spirit of community, and the diversity of human expression. dance brings people together, celebrates shared heritage, and transcends language barriers, uniting cultures in a joyous celebration of movement and rhythm. it's like a global dance party, where every step tells a story and every beat connects us to the heartbeat of humanity!","['differ', 'cultur', 'differ', 'form', 'danc']"
why do different cultures have different forms of architecture?,"different cultures have different forms of architecture because architecture reflects the unique environmental, social, economic, and cultural factors that shape each society. architectural styles, materials, and techniques are influenced by climate, geography, available resources, technological advancements, and cultural preferences. from ancient temples and palaces to modern skyscrapers and eco-friendly designs, architecture embodies the identity, aspirations, and values of a civilization. it serves practical functions such as shelter and infrastructure, but it also inspires awe, fosters community, and preserves cultural heritage. it's like a cityscape of dreams, where every building tells a story and every skyline paints a picture of human ingenuity and creativity!","['differ', 'cultur', 'differ', 'form', 'architectur']"
why do countries have different climates?,"countries have different climates due to various factors such as latitude, altitude, proximity to bodies of water, and geographic features like mountains and deserts. these factors influence temperature, precipitation patterns, and weather conditions, shaping the climate of a particular region. for example, countries near the equator tend to have warmer climates, while those closer to the poles experience colder temperatures. coastal areas often have milder climates due to the moderating influence of oceans, while inland regions may experience more extreme temperature fluctuations. it's like nature's symphony of climate variations, composing a diverse array of weather melodies across the globe!","['countri', 'differ', 'climat']"
why do some countries have more natural disasters than others?,"some countries experience more natural disasters than others due to their geographic location, geological features, and climatic conditions. for example, countries located along tectonic plate boundaries are more prone to earthquakes, volcanic eruptions, and tsunamis. regions with tropical climates are susceptible to hurricanes, typhoons, and tropical storms, while areas prone to drought may experience wildfires and famine. additionally, human activities such as deforestation, urbanization, and climate change can exacerbate the frequency and intensity of natural disasters. it's like living in a world where the earth's forces compose their own symphony of destruction and renewal, shaping the landscape and reshaping lives!","['countri', 'natur', 'disast', 'other']"
why do some countries have more biodiversity than others?,"some countries have more biodiversity than others due to factors such as climate, habitat diversity, geographic location, and evolutionary history. countries located in tropical regions, such as those near the equator, often have high levels of biodiversity due to the favorable climate and abundance of resources. geographic features like mountains, forests, rivers, and coastlines create diverse habitats that support a wide variety of plant and animal species. additionally, conservation efforts, protected areas, and sustainable land management practices play a role in preserving biodiversity. it's like nature's treasure trove of life, with each country holding a unique collection of species waiting to be discovered and protected!","['countri', 'biodivers', 'other']"
why do some countries have more water resources than others?,"some countries have more water resources than others due to factors such as precipitation patterns, rivers, lakes, aquifers, and access to coastal areas. countries located in regions with abundant rainfall or snowmelt, such as those near the equator or in temperate climates, often have ample water supplies. additionally, countries with extensive river networks or large freshwater lakes may have abundant water resources for drinking, agriculture, industry, and recreation. however, water availability can also be influenced by factors such as population growth, pollution, overuse, and climate change, leading to water scarcity in some regions. it's like nature's gift of liquid gold, flowing through the veins of the earth and sustaining life wherever it goes!","['countri', 'water', 'resourc', 'other']"
why do some countries have more diverse landscapes than others?,"some countries have more diverse landscapes than others due to geological processes, tectonic activity, and erosion over millions of years. geographic features such as mountains, valleys, plains, deserts, forests, and coastlines create a variety of landscapes within a single country. additionally, factors such as climate, soil type, and human activities contribute to the diversity of landscapes. for example, countries with rugged terrain or volcanic activity may have dramatic landscapes with towering peaks, deep canyons, and fertile valleys. coastal countries may boast sandy beaches, rocky cliffs, and vibrant coral reefs. it's like nature's canvas, painting a masterpiece of landscapes that captivates the eye and stirs the soul with its beauty and diversity!","['countri', 'divers', 'landscap', 'other']"
why do some countries have more active volcanoes than others?,"some countries have more active volcanoes than others due to their location along tectonic plate boundaries or hotspots. volcanic activity is often concentrated along the pacific ring of fire, where tectonic plates collide or diverge, leading to the formation of volcanoes. countries situated along this ring, such as indonesia, japan, and the philippines, experience frequent volcanic eruptions. additionally, hotspots, such as those in hawaii and iceland, can also produce volcanic activity due to mantle plumes beneath the earth's surface. factors such as geological history, magma composition, and tectonic activity contribute to the frequency and intensity of volcanic eruptions in a particular region. it's like living on a fiery stage where the earth's restless energy erupts in spectacular displays of nature's power and beauty!","['countri', 'activ', 'volcano', 'other']"
why do some countries have more earthquakes than others?,"some countries have more earthquakes than others due to their location along tectonic plate boundaries or fault lines. earthquakes occur when there is a sudden release of energy along faults in the earth's crust, resulting in ground shaking and displacement. countries located near convergent plate boundaries, where tectonic plates collide, such as japan, chile, and nepal, experience frequent earthquakes due to the intense geological activity. additionally, regions along transform plate boundaries, where plates slide past each other horizontally, can also be prone to earthquakes, such as california along the san andreas fault. factors such as geological complexity, fault activity, and population density influence the frequency and impact of earthquakes in a particular region. it's like living in a world where the earth's restless movements remind us of its dynamic and ever-changing nature, shaping landscapes and reshaping lives!","['countri', 'earthquak', 'other']"
why do some countries have more extreme weather than others?,"some countries have more extreme weather than others due to factors such as latitude, altitude, proximity to oceans, and atmospheric circulation patterns. countries located in tropical regions or at high latitudes may experience more extreme weather phenomena such as hurricanes, blizzards, heatwaves, or monsoons. coastal areas are often susceptible to extreme weather events such as storm surges, flooding, and tsunamis due to their proximity to the ocean. additionally, climate change can exacerbate extreme weather events by altering temperature and precipitation patterns. it's like living in a world where mother nature's mood swings can bring both beauty and devastation, reminding us of the fragility and resilience of life on earth!","['countri', 'extrem', 'weather', 'other']"
why do some countries have more diverse ecosystems than others?,"some countries have more diverse ecosystems than others due to factors such as climate, topography, soil type, and historical influences. countries with varied climates and landscapes, such as brazil, indonesia, and australia, often have high levels of biodiversity and a wide range of ecosystems, including tropical rainforests, coral reefs, grasslands, and deserts. geographic features such as mountains, rivers, and coastlines create diverse habitats that support a rich array of plant and animal species. additionally, conservation efforts, protected areas, and sustainable land management practices play a role in preserving biodiversity and ecosystems. it's like exploring a world of wonders, where every ecosystem holds a treasure trove of life waiting to be discovered and protected!","['countri', 'divers', 'ecosystem', 'other']"
why do we hear different stories about historical people?,"you know how sometimes you hear different versions of a story from your friends? it's like that with historical people too! different people might remember things differently or tell the story in their own way, so we end up with different stories about the same person.","['hear', 'differ', 'stori', 'histor', 'peopl']"
why do we feel different about historical people?,"well, just like how you might like some things about your friends but not others, historical people did good things and not-so-good things too. so, we might feel happy about the good stuff they did but sad or upset about the not-so-good stuff.","['feel', 'differ', 'histor', 'peopl']"
why do we learn more about some times in history than others?,"think of history like a big adventure book. some parts of the adventure are really exciting and important, so we learn about them a lot. but other parts are like the quiet pages in the book that we don’t read as much. it's just that some parts of history are more famous or more interesting to learn about.","['learn', 'time', 'histori', 'other']"
why do some old things like castles or pyramids become special to us?,"just like how your favorite toy gets really special because you've had it for a long time, old things like castles or pyramids become special too. they're like little time machines that have been around for a long, long time. people like to visit them and learn about the stories they have from a long time ago.","['old', 'thing', 'like', 'castl', 'pyramid', 'becom', 'special', 'us']"
why do we hear different stories about what happened in the titanic sinking?,"just like how different people remember things differently, there are different stories about what happened when the titanic sank. some people say one thing happened, while others say something else. it’s like a big puzzle, and historians try to figure out what really happened by looking at all the pieces.","['hear', 'differ', 'stori', 'happen', 'titan', 'sink']"
why do we feel sad when we learn about the world war ii?,"learning about world war ii can make us feel sad because it was a really tough time for a lot of people. many people got hurt, and lots of families were separated. but we also learn about the brave things people did to help each other during that time, which can make us feel proud too.","['feel', 'sad', 'learn', 'world', 'war', 'ii']"
why do we learn more about the moon landing than other space missions?,the moon landing is famous because it was the first time humans walked on the moon! it was a really big deal and lots of people watched it happen on tv. that's why we learn more about it than other space missions—it's like the biggest adventure story in space history!,"['learn', 'moon', 'land', 'space', 'mission']"
why do some people find the story of the ancient egyptian pyramids fascinating?,"the story of the ancient egyptian pyramids is fascinating because they’re huge and mysterious! they were built a long, long time ago by the ancient egyptians, and people still wonder how they did it without machines. it's like a big puzzle waiting to be solved!","['peopl', 'find', 'stori', 'ancient', 'egyptian', 'pyramid', 'fascin']"
why do we hear different stories about what happened during the american civil war?,"like when you play a game of telephone and the message changes as it goes around, stories about the american civil war can change too. different people might remember things differently or tell the story in their own way, so we end up with different stories about the same event.","['hear', 'differ', 'stori', 'happen', 'american', 'civil', 'war']"
why do we feel proud when we learn about the civil rights movement?,"learning about the civil rights movement can make us feel proud because it was a time when people worked together to make things fair for everyone. they marched and protested peacefully to change unfair rules, and their bravery and determination helped make the world a better place.","['feel', 'proud', 'learn', 'civil', 'right', 'movement']"
why do we learn more about the invention of the printing press than other inventions?,"the invention of the printing press is important because it changed the world! before, books had to be copied by hand, which took a long time and made them really expensive. but the printing press made it faster and cheaper to make books, so more people could read and learn. that's why we learn a lot about it—it's like the superhero of inventions!","['learn', 'invent', 'print', 'press', 'invent']"
why do some people find the story of the great wall of china amazing?,"the great wall of china is amazing because it's so big and old! it was built over 2,000 years ago to keep out invaders and protect the people of china. it stretches for thousands of miles across mountains and deserts, and people still visit it today to see its ancient walls and towers.","['peopl', 'find', 'stori', 'great', 'wall', 'china', 'amaz']"
who is rosa parks?,"rosa parks was a brave woman who stood up for what was right. she refused to give up her seat on a bus to a white person in montgomery, alabama, in 1955. her actions sparked the montgomery bus boycott, which was an important event in the civil rights movement.","['rosa', 'park']"
who is abraham lincoln?,"abraham lincoln was the 16th president of the united states. he helped end slavery in america by issuing the emancipation proclamation. he's also known for giving famous speeches like the gettysburg address, and he led the country during the civil war.","['abraham', 'lincoln']"
who is neil armstrong?,"neil armstrong was an astronaut who made history by being the first person to walk on the moon. he said, ""that's one small step for man, one giant leap for mankind,"" when he stepped onto the moon's surface during the apollo 11 mission in 1969.","['neil', 'armstrong']"
who is anne frank?,"anne frank was a young girl who wrote a diary while she and her family were hiding from the nazis during world war ii. her diary, called ""the diary of a young girl,"" gives us a glimpse into what life was like for jewish families during the holocaust.","['ann', 'frank']"
who is albert einstein?,"albert einstein was a very smart scientist who came up with the theory of relativity, which changed how we understand space and time. he's one of the most famous scientists in history!","['albert', 'einstein']"
who is harriet tubman?,"harriet tubman was a brave woman who helped lead many enslaved people to freedom along the underground railroad. she risked her life to help others, and she's remembered as a hero of the abolitionist movement.","['harriet', 'tubman']"
who is leonardo da vinci?,"leonardo da vinci was a genius artist and inventor who lived during the renaissance period. he painted famous works like the mona lisa and the last supper, and he came up with ideas for inventions like flying machines and submarines.","['leonardo', 'da', 'vinci']"
who is mahatma gandhi?,mahatma gandhi was a leader in india who used peaceful protests to help india gain independence from british rule. he's known for his philosophy of nonviolence and his commitment to justice and equality.,"['mahatma', 'gandhi']"
who is cleopatra?,cleopatra was a famous queen of egypt who lived a long time ago. she was known for being very smart and speaking many languages. people still talk about her today because she was such an interesting and powerful leader!,['cleopatra']
who is thomas edison?,"thomas edison was a brilliant inventor who made lots of important inventions, like the light bulb and the phonograph. he's one of the most famous inventors in history!","['thoma', 'edison']"
who is helen keller?,helen keller was an amazing woman who overcame being both blind and deaf to become a famous author and speaker. she taught people that anyone can do anything if they work hard and never give up!,"['helen', 'keller']"
who is christopher columbus?,"christopher columbus was an explorer who sailed across the atlantic ocean from europe to try to find a shorter way to asia. instead, he accidentally discovered america! that's why we celebrate columbus day.","['christoph', 'columbu']"
who is william shakespeare?,"william shakespeare was a famous playwright and poet who lived a long time ago in england. he wrote lots of plays and poems that people still read and perform today. some of his most famous works include ""romeo and juliet"" and ""hamlet.""","['william', 'shakespear']"
who is joan of arc?,joan of arc was a brave young woman from france who helped lead her country in a war against england. she believed she was guided by visions from god and led the french army to several important victories. she's remembered as a hero in french history.,"['joan', 'arc']"
who is alexander the great?,alexander the great was a famous king and military leader from ancient greece. he conquered a huge empire that stretched from greece to egypt and even into parts of asia. he's remembered for his military tactics and for spreading greek culture throughout the ancient world.,"['alexand', 'great']"
who is sacagawea?,"sacagawea was a native american woman who helped guide the lewis and clark expedition as they explored the western united states. she acted as a translator and guide, helping the expedition team navigate through unfamiliar territory. she's remembered as an important figure in american history.",['sacagawea']
who is martin luther king jr.?,"martin luther king jr. was a brave leader who fought for civil rights and equality for all people in the united states. he gave powerful speeches and led peaceful protests to help end segregation and discrimination against african americans. his famous speech, ""i have a dream,"" inspired many people around the world.","['martin', 'luther', 'king', 'jr']"
who is marie curie?,"marie curie was a brilliant scientist who discovered two new elements, polonium and radium. she was the first woman to win a nobel prize and the only person to win nobel prizes in two different scientific fields: physics and chemistry. her work with radioactive materials paved the way for many advancements in science and medicine.","['mari', 'curi']"
who is leonardo da vinci?,"leonardo da vinci was a talented artist, inventor, and scientist during the renaissance period. he painted famous works like the mona lisa and the last supper, but he was also interested in many other subjects, including anatomy, engineering, and astronomy. he's often called a ""renaissance man"" because he was skilled in so many different areas.","['leonardo', 'da', 'vinci']"
who is rosa parks?,"rosa parks was a courageous woman who refused to give up her seat on a bus to a white person in montgomery, alabama. her act of defiance sparked the montgomery bus boycott, which was an important event in the civil rights movement. her bravery helped inspire many other people to stand up for their rights.","['rosa', 'park']"
who is ibn battuta?,"ibn battuta was an adventurous traveler from morocco who journeyed across much of the known world during the 14th century. he wrote about his travels in a book called ""rihla,"" which is one of the most important travel accounts in history. his explorations took him to places like africa, asia, and europe, and his writings give us valuable insights into the cultures and societies of his time.","['ibn', 'battuta']"
who is ibn al-haytham?,"ibn al-haytham, also known as alhazen, was a brilliant scientist and mathematician from iraq who made important contributions to the fields of optics, physics, and astronomy during the islamic golden age. his work on optics laid the foundation for modern understanding of light and vision, and he's often regarded as one of the greatest scientists of the medieval period.","['ibn', 'alhaytham']"
who is umm kulthum?,"umm kulthum was a legendary egyptian singer and actress who became one of the most famous and beloved musicians in the arab world. her powerful voice and emotional performances captivated audiences for decades, and she's often referred to as the ""star of the east."" her music continues to be celebrated and enjoyed by people around the world.","['umm', 'kulthum']"
who is saladin?,"saladin was a skilled military leader and statesman who became the first sultan of egypt and syria and founder of the ayyubid dynasty. he's best known for his role in the crusades, where he famously recaptured jerusalem from the crusaders in 1187. saladin's chivalry and generosity earned him respect even from his enemies, and he's remembered as a symbol of unity and leadership in the islamic world.",['saladin']
who is ibn khaldun?,"ibn khaldun was a famous arab historian, philosopher, and scholar who lived during the 14th century. he's best known for his book ""the muqaddimah,"" which is considered one of the greatest works of historical scholarship. ibn khaldun's ideas about the rise and fall of civilizations and the importance of studying history have had a lasting impact on the field of historiography.","['ibn', 'khaldun']"
who is omar khayyam?,"omar khayyam was a persian mathematician, astronomer, and poet who lived during the 11th and 12th centuries. he's best known for his poetry, particularly his collection of quatrains known as the ""rubaiyat."" khayyam's poetry explores themes of love, mortality, and the meaning of life, and his work has been celebrated for its beauty and philosophical depth.","['omar', 'khayyam']"
who is ibn sina (avicenna)?,"ibn sina, also known as avicenna, was a persian polymath who made significant contributions to various fields, including medicine, philosophy, and astronomy. his most famous work is ""the canon of medicine,"" which became a standard medical textbook in europe and the islamic world for centuries. ibn sina's ideas about health and the human body helped shape the development of medicine in the medieval period.","['ibn', 'sina', 'avicenna']"
who is fairuz?,"fairuz is a lebanese singer who is widely regarded as one of the greatest vocalists in the arab world. her powerful voice and emotive performances have made her a cultural icon, and her music spans various genres including classical, folk, and pop. fairuz's songs often celebrate love, patriotism, and the beauty of the arab world, and she remains beloved by fans of all ages.",['fairuz']
who is ibn rushd (averroes)?,"ibn rushd, also known as averroes, was a renowned philosopher, jurist, and polymath from andalusia (present-day spain) during the islamic golden age. he made significant contributions to fields such as philosophy, law, medicine, and astronomy. his commentaries on the works of aristotle played a crucial role in preserving and transmitting ancient greek philosophy to the western world during the middle ages.","['ibn', 'rushd', 'averro']"
who is taha hussein?,"taha hussein was an influential egyptian writer, intellectual, and advocate for education and social reform. despite losing his sight at a young age, he became a prolific author and thinker, known for his contributions to literature, criticism, and cultural commentary. his works often explored themes of freedom, knowledge, and the importance of enlightenment in society.","['taha', 'hussein']"
who is khalil gibran?,"khalil gibran was a lebanese-american poet, writer, and artist whose works, including ""the prophet,"" have become classics of modern literature. his poetry and prose explore themes of love, spirituality, and the human experience, and his writings have inspired readers around the world with their timeless wisdom and beauty.","['khalil', 'gibran']"
who is mahmoud darwish?,"mahmoud darwish was a palestinian poet and author whose works are celebrated for their lyrical beauty and poignant exploration of themes such as identity, exile, and resistance. he is considered one of the greatest poets in the arab world and his poetry continues to inspire readers around the globe.","['mahmoud', 'darwish']"
who is nizar qabbani?,"nizar qabbani was a syrian poet and diplomat known for his romantic and passionate poetry. his verses often explored themes of love, longing, and the human condition, and he is regarded as one of the most influential poets of the 20th century arab world.","['nizar', 'qabbani']"
who is saloua raouda choucair?,"saloua raouda choucair was a lebanese painter and sculptor known for her pioneering abstract art. her innovative and geometric artworks often drew inspiration from islamic art and culture, and she played a significant role in the development of modern art in the arab world.","['saloua', 'raouda', 'choucair']"
who is shakir hassan al said?,"shakir hassan al said was an iraqi artist and pioneer of the hurufiyya movement, which sought to integrate arabic calligraphy into modern art. he experimented with abstract forms and calligraphic elements in his paintings, exploring themes of spirituality and identity.
certainly! here are simplified questions about globally famous artists:","['shakir', 'hassan', 'al', 'said']"
who is leonardo da vinci?,"leonardo da vinci was a famous italian artist, scientist, and inventor who lived during the renaissance period. he is best known for his iconic paintings such as the mona lisa and the last supper, as well as for his detailed drawings and scientific observations.","['leonardo', 'da', 'vinci']"
who is vincent van gogh?,"vincent van gogh was a renowned dutch painter known for his expressive and colorful artworks. despite facing mental health challenges during his lifetime, he created many masterpieces, including the starry night and sunflowers, which have become some of the most famous paintings in the world.","['vincent', 'van', 'gogh']"
who is pablo picasso?,"pablo picasso was a groundbreaking spanish artist who co-founded the cubist movement and had a profound influence on 20th-century art. his innovative style and experimental techniques revolutionized the way artists approached painting and sculpture, and he created iconic works such as guernica and les demoiselles d'avignon.","['pablo', 'picasso']"
who is frida kahlo?,"frida kahlo was a mexican painter known for her powerful and autobiographical artworks. her unique style and subject matter, often depicting themes of identity, gender, and mexican culture, have made her one of the most celebrated artists of the 20th century.","['frida', 'kahlo']"
who is michelangelo?,"michelangelo was a famous italian artist and sculptor known for his breathtaking sculptures, such as the statue of david and the pieta, as well as his magnificent paintings on the ceiling of the sistine chapel in vatican city.",['michelangelo']
who is claude monet?,"claude monet was a french painter and founder of the impressionist movement, known for his beautiful landscapes and scenes of everyday life. his series of paintings depicting water lilies and his garden in giverny are among his most famous works.","['claud', 'monet']"
who is salvador dalí?,"salvador dalí was a spanish surrealist artist known for his eccentric personality and imaginative artworks. his dreamlike paintings, such as the persistence of memory with its melting clocks, have captivated audiences with their surreal and symbolic imagery.","['salvador', 'dalí']"
who is georgia o'keeffe?,"georgia o'keeffe was an american artist known for her distinctive paintings of flowers, landscapes, and abstract forms. her large-scale flower paintings, in particular, are celebrated for their bold colors and unique perspectives.","['georgia', 'okeeff']"
who is andy warhol?,"andy warhol was an american artist known for his contributions to the pop art movement. he created iconic works such as the campbell's soup cans and marilyn monroe portraits, which explored themes of consumer culture and celebrity.","['andi', 'warhol']"
who is rembrandt?,"rembrandt was a dutch painter and printmaker known for his masterful use of light and shadow in his portraits and biblical scenes. his paintings, such as the night watch and the anatomy lesson of dr. nicolaes tulp, are considered some of the greatest works of the dutch golden age.",['rembrandt']
who is leonardo da vinci?,"leonardo da vinci was an italian renaissance polymath known for his diverse talents in art, science, and invention. he painted iconic works like the mona lisa and the last supper, and his scientific drawings and inventions continue to inspire curiosity and innovation.","['leonardo', 'da', 'vinci']"
who is jackson pollock?,"jackson pollock was an american artist known for his unique style of abstract expressionism, characterized by his drip painting technique. his large-scale paintings, such as number 1, 1950 (lavender mist), are celebrated for their energy and spontaneity.","['jackson', 'pollock']"
what is a lion?,a lion is a big cat with golden fur and a mane around its neck. lions live in groups called prides and are known as the kings of the jungle because they're strong and fierce hunters.,['lion']
what is a dolphin?,a dolphin is a smart and playful sea mammal that lives in oceans around the world. dolphins are known for their friendly behavior and love to swim and jump out of the water.,['dolphin']
what is a butterfly?,"a butterfly is a colorful insect with wings covered in tiny scales. butterflies start as caterpillars and undergo a transformation called metamorphosis to become butterflies. they flutter from flower to flower, drinking nectar with their long proboscis.",['butterfli']
what is an elephant?,"an elephant is the biggest land animal with a long trunk, big ears, and tusks. elephants live in herds and use their trunk to pick up food, drink water, and communicate with each other.",['eleph']
what is a giraffe?,"a giraffe is a tall african animal with a long neck, long legs, and a spotted coat. giraffes use their long necks to reach leaves high up in trees, and they're known for being the tallest land animals in the world.",['giraff']
what is a panda?,a panda is a large black and white bear from china. pandas eat bamboo and spend most of their time eating and sleeping. they're known for their cute appearance and are symbols of conservation efforts.,['panda']
what is a kangaroo?,"a kangaroo is a hopping marsupial from australia. kangaroos have strong hind legs and a pouch where they carry their babies, called joeys. they're known for their ability to jump long distances and for being the only large animal that moves by hopping.",['kangaroo']
what is a bee?,a bee is a flying insect that lives in colonies and makes honey. bees are important pollinators that help plants grow by carrying pollen from one flower to another. they're known for their buzzing sound and black and yellow stripes.,['bee']
what is a tiger?,a tiger is a big cat with orange fur and black stripes. tigers are strong hunters and are known for their stealth and agility. they live in forests and grasslands in asia and are one of the largest cats in the world.,['tiger']
what is a whale?,"a whale is a large mammal that lives in the ocean. whales come in many sizes, from the tiny dwarf sperm whale to the gigantic blue whale. they're known for their songs and their impressive ability to swim long distances.",['whale']
what is a penguin?,a penguin is a bird that lives in cold places like antarctica and the southern hemisphere. penguins are excellent swimmers and spend most of their lives in the water. they're known for their black and white feathers and waddling walk on land.,['penguin']
what is a crocodile?,"a crocodile is a large reptile with tough, scaly skin and sharp teeth. crocodiles live in rivers, lakes, and wetlands in tropical regions around the world. they're known for their powerful jaws and ability to swim silently underwater.",['crocodil']
what is a koala?,"a koala is a small, cuddly mammal native to australia. they have fluffy gray fur, big round ears, and a black nose. koalas spend most of their time sleeping in eucalyptus trees and eat eucalyptus leaves.",['koala']
what is a turtle?,"a turtle is a reptile with a hard shell that protects its body. turtles live in oceans, rivers, and ponds and can be found all over the world. they're known for their slow pace and for retracting into their shell for protection.",['turtl']
what is a gorilla?,"a gorilla is a large and powerful ape that lives in the forests of africa. they have dark fur and are known for their strength and intelligence. gorillas live in groups called troops and are herbivores, mostly eating plants and fruits.",['gorilla']
what is a hummingbird?,"a hummingbird is a tiny bird known for its rapid wing beats and ability to hover in mid-air. they have iridescent feathers and long, slender bills. hummingbirds feed on nectar from flowers and play an important role in pollination.",['hummingbird']
what is a cheetah?,"a cheetah is a fast and graceful big cat with a slender body and distinctive black spots on its fur. it's the fastest land animal, capable of reaching speeds of up to 70 miles per hour in short bursts. cheetahs are skilled hunters and often chase down their prey in open grasslands.",['cheetah']
what is a bald eagle?,"a bald eagle is a majestic bird of prey native to north america and known for its white head and tail feathers. it's the national bird and symbol of the united states. bald eagles are powerful hunters, swooping down to catch fish or small mammals with their sharp talons.","['bald', 'eagl']"
what is a polar bear?,a polar bear is a large carnivorous bear that lives in the arctic region. it has thick white fur to keep it warm in the cold climate. polar bears are excellent swimmers and primarily hunt seals on sea ice. they're considered marine mammals because they spend most of their time on ice floes and in the water.,"['polar', 'bear']"
what is a red panda?,"a red panda is a small mammal native to the eastern himalayas and southwestern china. it has reddish-brown fur, a bushy tail, and a cute face with white markings. red pandas are skilled climbers and spend most of their time in trees. they primarily eat bamboo but also consume fruits, insects, and small animals.","['red', 'panda']"
